{"cameraMode":{"drawMode":0,"name":"Shaded","section":"Shading Mode"},"sceneLighting":true,"audioPlay":false,"sceneViewState":{"m_AlwaysRefresh":false,"showFog":true,"showSkybox":true,"showFlares":true,"showImageEffects":true,"showParticleSystems":true,"showVisualEffectGraphs":true,"m_FxEnabled":true},"in2DMode":false,"pivot":{"x":34.23067092895508,"y":15.772183418273926,"z":3.246408700942993},"rotation":{"x":0.19737659394741059,"y":-0.6902444362640381,"z":0.20464499294757844,"w":0.6653025150299072},"size":0.8660256266593933,"orthographic":false}